{"r1_v2": [[0.0, 1.0], [0.0, 1.0], [0.0, 1.0], [0.125, 1.0], [0.125, 1.0], [0.0, 1.0], [0.0, 1.0], [0.0, 1.0], [0.09375, 0.875], [0.0, 1.0], [0.0, 1.0], [0.0625, 0.875], [0.03125, 0.875], [0.0, 1.0], [0.0, 1.0], [0.03125, 0.875], [0.0, 1.0], [0.03125, 0.875], [0.125, 1.0], [0.03125, 0.875], [0.09375, 0.875], [0.0625, 0.875], [0.0, 1.0], [0.125, 1.0], [0.0, 1.0], [0.1875, 0.875], [0.1875, 0.75], [0.09375, 0.875], [0.1562, 0.875], [0.0, 1.0], [0.0, 1.0], [0.0, 1.0], [0.125, 1.0], [0.0625, 0.875], [0.2188, 0.875], [0.0, 1.0], [0.0, 1.0], [0.1875, 0.875], [0.0, 1.0], [0.0625, 0.875], [0.0, 1.0], [0.0, 1.0], [0.0, 1.0], [0.03125, 0.875], [0.0, 1.0], [0.0, 1.0], [0.03125, 0.875], [0.1875, 0.875], [0.0, 1.0], [0.0, 1.0], [0.125, 1.0], [0.03125, 0.875], [0.125, 0.75], [0.03125, 0.875], [0.125, 1.0], [0.0625, 0.75], [0.0, 1.0], [0.0, 1.0], [0.0, 1.0], [0.0, 1.0], [0.125, 1.0], [0.09375, 0.875], [0.0, 1.0], [0.03125, 0.875], [0.0, 1.0], [0.1562, 0.875], [0.125, 1.0], [0.0, 1.0], [0.0, 1.0], [0.03125, 0.875], [0.0, 1.0], [0.0625, 0.875], [0.09375, 0.75], [0.0, 1.0], [0.2188, 0.875], [0.0625, 0.875], [0.125, 1.0], [0.25, 1.0], [0.03125, 0.875], [0.25, 1.0], [0.0625, 0.875], [0.125, 0.75], [0.03125, 0.875], [0.09375, 0.75], [0.0, 1.0], [0.125, 1.0], [0.03125, 0.875], [0.0, 1.0], [0.25, 1.0], [0.125, 1.0], [0.3125, 0.75], [0.03125, 0.875], [0.03125, 0.875], [0.125, 1.0], [0.0, 1.0], [0.0, 1.0], [0.0, 1.0], [0.09375, 0.875], [0.125, 1.0], [0.0, 1.0], [0.3438, 0.875], [0.0, 1.0], [0.125, 1.0], [0.09375, 0.875], [0.1875, 0.875], [0.09375, 0.875], [0.125, 1.0], [0.0, 1.0], [0.0, 1.0], [0.0625, 0.75], [0.0, 1.0], [0.0, 1.0], [0.09375, 0.75], [0.0, 1.0], [0.125, 1.0], [0.125, 0.75], [0.25, 1.0], [0.2812, 0.625], [0.0, 1.0], [0.0, 1.0], [0.25, 1.0], [0.0, 1.0], [0.125, 1.0], [0.03125, 0.875], [0.0625, 0.875], [0.125, 1.0], [0.125, 1.0], [0.0, 1.0], [0.25, 1.0], [0.09375, 0.875], [0.03125, 0.875], [0.0, 1.0], [0.1875, 0.875], [0.0, 1.0], [0.0, 1.0], [0.125, 1.0], [0.125, 1.0], [0.1875, 0.625], [0.2812, 0.875], [0.03125, 0.875], [0.125, 1.0], [0.125, 0.75], [0.125, 1.0], [0.0, 1.0], [0.09375, 0.875], [0.2812, 0.75], [0.0, 1.0], [0.0, 1.0], [0.09375, 0.875], [0.0625, 0.875]], "r2_v2": [[0.0, 1.0], [0.0, 1.0], [0.03285, 0.875], [0.7861, 0.875], [1.093, 0.875], [0.03741, 0.875], [0.0, 1.0], [0.0, 1.0], [0.09766, 0.875], [0.3793, 0.75], [0.0, 1.0], [0.5655, 0.75], [0.0, 1.0], [0.0, 1.0], [0.0, 1.0], [0.5482, 0.75], [0.0, 1.0], [1.013, 0.75], [0.875, 1.0], [0.4311, 0.75], [0.1927, 0.875], [0.3889, 0.875], [0.0, 1.0], [0.8, 1.0], [0.0, 1.0], [0.9646, 0.75], [1.916, 0.75], [1.05, 0.625], [1.003, 0.875], [0.04167, 0.875], [0.0, 1.0], [0.1896, 0.875], [0.7929, 1.0], [0.6437, 0.875], [1.564, 0.875], [0.4239, 0.875], [0.0, 1.0], [0.8145, 0.75], [0.1961, 0.875], [0.3967, 0.75], [0.0, 1.0], [0.1859, 0.875], [0.03676, 0.875], [1.048, 0.625], [0.0, 1.0], [0.786, 0.875], [0.03733, 0.875], [1.575, 0.75], [0.6526, 0.75], [1.334, 0.75], [0.5766, 0.75], [0.3697, 0.75], [0.7464, 0.625], [0.4375, 0.75], [0.875, 1.0], [0.5391, 0.875], [0.0, 1.0], [0.0, 1.0], [0.1928, 0.875], [0.4122, 0.625], [1.201, 0.875], [0.7774, 1.0], [0.0, 1.0], [0.4126, 0.75], [0.03348, 0.875], [0.7756, 0.875], [0.876, 0.875], [0.0, 1.0], [0.8295, 0.875], [0.1063, 0.875], [0.0, 1.0], [1.465, 0.75], [0.4799, 0.75], [0.1037, 0.875], [1.737, 0.625], [0.8174, 1.0], [0.7866, 0.875], [1.552, 0.875], [0.7727, 1.0], [1.556, 1.0], [0.5755, 0.875], [0.6489, 0.75], [0.4845, 0.75], [0.6356, 0.75], [0.08727, 0.875], [0.3902, 0.875], [0.2664, 0.875], [0.3848, 0.75], [1.468, 0.75], [1.125, 0.75], [2.741, 0.5], [0.2733, 0.875], [0.5625, 0.875], [0.875, 1.0], [0.0, 1.0], [0.3652, 0.625], [0.2098, 0.875], [0.8839, 0.875], [1.405, 0.875], [0.4602, 1.0], [2.394, 0.75], [0.2858, 0.875], [0.7917, 1.0], [0.4601, 0.875], [1.75, 1.0], [0.5625, 0.875], [0.5896, 0.875], [0.2714, 0.875], [0.392, 1.0], [1.157, 0.75], [0.0, 1.0], [0.3222, 0.75], [1.26, 0.625], [0.0, 1.0], [1.294, 0.625], [0.8346, 0.75], [1.615, 0.875], [1.701, 0.75], [0.3799, 0.75], [0.03378, 0.875], [1.299, 0.875], [0.291, 0.875], [0.7076, 0.875], [0.9336, 0.625], [0.6622, 0.75], [0.787, 1.0], [0.8162, 1.0], [0.04594, 0.875], [1.468, 0.75], [0.7858, 0.75], [0.2574, 0.75], [0.0, 1.0], [1.322, 0.75], [0.0, 1.0], [0.0, 1.0], [0.7792, 0.875], [0.8535, 0.875], [2.038, 0.75], [2.465, 0.75], [0.523, 0.625], [0.875, 1.0], [1.543, 0.625], [1.403, 0.75], [0.0, 1.0], [0.7731, 0.625], [1.646, 0.75], [0.0, 1.0], [0.0, 1.0], [0.7757, 0.875], [1.136, 0.75]], "evals": {"base": {"n": 1534, "ex": 0.4498, "finished": 0.8246, "avg_turns": 5.558, "valid_sql": 0.8233}, "r1": {"n": 1534, "ex": 0.4967, "finished": 0.8866, "avg_turns": 5.293, "valid_sql": 0.8787}, "r2": {"n": 1534, "ex": 0.5215, "finished": 0.899, "avg_turns": 5.081, "valid_sql": 0.8983}}}